Workbook

Sheet Material Master
A1: Material Number | B1: Material Description | C1: Category | D1: Unit of Measure | E1: Standard Cost | F1: Reorder Point
A2: MAT-1001 | B2: Industrial Steel Bolt | C2: Hardware | D2: EA | E2: 0.42 | F2: 500
A3: MAT-1002 | B3: Stainless Steel Washer | C3: Hardware | D3: EA | E3: 0.18 | F3: 750
A4: MAT-1003 | B4: Aluminum Housing | C4: Components | D4: EA | E4: 14.5 | F4: 100
A5: MAT-1004 | B5: Electric Motor 1HP | C5: Electrical | D5: EA | E5: 86 | F5: 25
A6: MAT-1005 | B6: Industrial Rubber Seal | C6: Components | D6: EA | E6: 2.75 | F6: 200

Sheet Vendor Master
A1: Vendor ID | B1: Vendor Name | C1: Category | D1: Unit Price Tier | E1: Lead Time (Days) | F1: On-Time Delivery %
A2: VEN-001 | B2: Pacific Industrial Supply | C2: Hardware | D2: Standard | E2: 8 | F2: 0.96
A3: VEN-002 | B3: Midwest Components Co. | C3: Components | D3: Competitive | E3: 12 | F3: 0.94
A4: VEN-003 | B4: Apex Manufacturing Supply | C4: Electrical | D4: Premium | E4: 5 | F4: 0.99
A5: VEN-004 | B5: Great Lakes Industrial | C5: Hardware | D5: Low Cost | E5: 15 | F5: 0.91
A6: VEN-005 | B6: Northwest Rubber & Plastics | C6: Components | D6: Standard | E6: 7 | F6: 0.97

Sheet Purchase Reqisition
A1: PR Number | B1: Request Date | C1: Department | D1: Material Number | E1: Quantity | F1: Required Date | G1: Requester | H1: Status
A2: PR-10001 | B2: 46275 | C2: Production | D2: MAT-1001 | E2: 1000 | F2: 46285 | G2: Production Manager | H2: Approved
A3: PR-10002 | B3: 46275 | C3: Maintenance | D3: MAT-1004 | E3: 10 | F3: 46283 | G3: Maintenance Manager | H3: Approved
A4: PR-10003 | B4: 46275 | C4: Production | D4: MAT-1003 | E4: 150 | F4: 46290 | G4: Production Manager | H4: Pending

Sheet Supplier Evaluation
A1: PR Number | B1: Material Number | C1: Vendor ID | D1: Unit Price | E1: Lead Time (Days) | F1: On-Time Delivery % | G1: Evaluation Result
A2: PR-10001 | B2: MAT-1001 | C2: VEN-001 | D2: 0.42 | E2: 8 | F2: 0.96 | G2: Recommended
A3: PR-10001 | B3: MAT-1001 | C3: VEN-004 | D3: 0.39 | E3: 15 | F3: 0.91 | G3: Alternate
A4: PR-10002 | B4: MAT-1004 | C4: VEN-003 | D4: 86 | E4: 5 | F4: 0.99 | G4: Recommended
A5: PR-10002 | B5: MAT-1004 | C5: VEN-002 | D5: 89.5 | E5: 12 | F5: 0.94 | G5: Not Recommended
A6: PR-10003 | B6: MAT-1003 | C6: VEN-002 | D6: 14.5 | E6: 12 | F6: 0.94 | G6: Recommended
A7: PR-10003 | B7: MAT-1003 | C7: VEN-005 | D7: 15.1 | E7: 7 | F7: 0.97 | G7: Alternate

Sheet Purchase Orders
A1: PO Number | B1: PR Number | C1: PO Date | D1: Vendor ID | E1: Material Number | F1: Quantity | G1: Unit Price | H1: Total Value | I1: Expected Delivery | J1: Status
A2: PO-45001 | B2: PR-10001 | C2: 46275 | D2: VEN-001 | E2: MAT-1001 | F2: 1000 | G2: 0.42 | H2: 420 | I2: 46283 | J2: Open
A3: PO-45002 | B3: PR-10002 | C3: 46275 | D3: VEN-003 | E3: MAT-1004 | F3: 10 | G3: 86 | H3: 860 | I3: 46280 | J3: Open
A4: PO-45003 | B4: PR-10003 | C4: 46275 | D4: VEN-002 | E4: MAT-1003 | F4: 150 | G4: 14.5 | H4: 2175 | I4: 46287 | J4: Open

Sheet Goods Receipts
A1: GR Number | B1: PO Number | C1: Receipt Date | D1: Material Number | E1: Quantity Ordered | F1: Quantity Received | G1: Quantity Accepted | H1: Receipt Status
A2: GR-60001 | B2: PO-45001 | C2: 46283 | D2: MAT-1001 | E2: 1000 | F2: 1000 | G2: 1000 | H2: Complete
A3: GR-60002 | B3: PO-45002 | C3: 46280 | D3: MAT-1004 | E3: 10 | F3: 10 | G3: 10 | H3: Complete
A4: GR-60003 | B4: PO-45003 | C4: 46287 | D4: MAT-1003 | E4: 150 | F4: 145 | G4: 143 | H4: Quantity Discrepancy

Sheet Invoices
A1: Invoice Number | B1: PO Number | C1: Invoice Date | D1: Vendor ID | E1: Material Number | F1: Quantity Invoiced | G1: Unit Price | H1: Invoice Total
A2: INV-70001 | B2: PO-45001 | C2: 46283 | D2: VEN-001 | E2: MAT-1001 | F2: 1000 | G2: 420 | H2: =_xlfn.XLOOKUP(B2,tblInvoices[PO Number],tblInvoices[Quantity Invoiced]) -> 1000
A3: INV-70002 | B3: PO-45002 | C3: 46280 | D3: VEN-003 | E3: MAT-1004 | F3: 10 | G3: 86 | H3: 860
A4: INV-70003 | B4: PO-45003 | C4: 46287 | D4: VEN-002 | E4: MAT-1003 | F4: 150 | G4: 14.5 | H4: 2175

Sheet Three-Way Match
A1: Invoice Number | B1: PO Number | C1: Vendor ID | D1: Material Number | E1: PO Quantity | F1: Received Quantity | G1: Accepted Quantity | H1: Invoiced Quantity | I1: Unit Price | J1: Invoice Total | K1: Quantity Match | L1: Price Match | M1: Overall Status | N1: Quantity Variance | O1: Dollar Variance
A2: INV-70001 | B2: PO-45001 | C2: VEN-001 | D2: MAT-1001 | E2: =_xlfn.XLOOKUP(B2,'Purchase Orders'!A:A,'Purchase Orders'!F:F) -> 1000 | F2: =LOOKUP(B2,tblGoodsReceipts[PO Number],tblGoodsReceipts[Quantity Received]) -> 1000 | G2: 1000 | H2: =_xlfn.XLOOKUP(B2,tblInvoices[PO Number],tblInvoices[Quantity Invoiced]) -> 1000 | I2: =_xlfn.XLOOKUP(B2,tblInvoices[PO Number],tblInvoices[Unit Price]) -> 420 | J2: =_xlfn.XLOOKUP(B2,tblInvoices[PO Number],tblInvoices[Invoice Total]) -> 1000 | K2: =IF(H2=G2,"Match","Exception") -> Match | L2: =IF(I2=_xlfn.XLOOKUP(B2,'Purchase Orders'!A:A,'Purchase Orders'!G:G),"Match","Exception") -> Exception | M2: =IF(AND(K2="Match",L2="Match"),"Approved","Exception / Hold") -> Exception / Hold | N2: =H2-G2 -> 0 | O2: =N2*I2 -> 0
A3: INV-70002 | B3: PO-45002 | C3: VEN-003 | D3: MAT-1004 | E3: =_xlfn.XLOOKUP(B3,'Purchase Orders'!A:A,'Purchase Orders'!F:F) -> 10 | F3: =LOOKUP(B3,tblGoodsReceipts[PO Number],tblGoodsReceipts[Quantity Received]) -> 10 | G3: =LOOKUP(B3,tblGoodsReceipts[PO Number],tblGoodsReceipts[Quantity Accepted]) -> 10 | H3: =_xlfn.XLOOKUP(B3,tblInvoices[PO Number],tblInvoices[Quantity Invoiced]) -> 10 | I3: =_xlfn.XLOOKUP(B3,tblInvoices[PO Number],tblInvoices[Unit Price]) -> 86 | J3: =_xlfn.XLOOKUP(B3,tblInvoices[PO Number],tblInvoices[Invoice Total]) -> 860 | K3: =IF(H3=G3,"Match","Exception") -> Match | L3: =IF(I3=_xlfn.XLOOKUP(B3,'Purchase Orders'!A:A,'Purchase Orders'!G:G),"Match","Exception") -> Match | M3: =IF(AND(K3="Match",L3="Match"),"Approved","Exception / Hold") -> Approved | N3: =H3-G3 -> 0 | O3: =N3*I3 -> 0
A4: INV-70003 | B4: PO-45003 | C4: VEN-002 | D4: MAT-1003 | E4: =_xlfn.XLOOKUP(B4,'Purchase Orders'!A:A,'Purchase Orders'!F:F) -> 150 | F4: =LOOKUP(B4,tblGoodsReceipts[PO Number],tblGoodsReceipts[Quantity Received]) -> 145 | G4: =LOOKUP(B4,tblGoodsReceipts[PO Number],tblGoodsReceipts[Quantity Accepted]) -> 143 | H4: =_xlfn.XLOOKUP(B4,tblInvoices[PO Number],tblInvoices[Quantity Invoiced]) -> 150 | I4: =_xlfn.XLOOKUP(B4,tblInvoices[PO Number],tblInvoices[Unit Price]) -> 14.5 | J4: =_xlfn.XLOOKUP(B4,tblInvoices[PO Number],tblInvoices[Invoice Total]) -> 2175 | K4: =IF(H4=G4,"Match","Exception") -> Exception | L4: =IF(I4=_xlfn.XLOOKUP(B4,'Purchase Orders'!A:A,'Purchase Orders'!G:G),"Match","Exception") -> Match | M4: =IF(AND(K4="Match",L4="Match"),"Approved","Exception / Hold") -> Exception / Hold | N4: =H4-G4 -> 7 | O4: =N4*I4 -> 101.5

Sheet Procurement Analysis
A1: Procurement KPI | B1: Value | D1: Exception Detail
A2: Total Invoices | B2: =COUNTA('Three-Way Match'!A2:A4) -> 3 | D2: Invoice | E2: INV-70003
A3: Approved Invoices | B3: =COUNTIF('Three-Way Match'!M2:M4,"Approved") -> 1 | D3: PO | E3: PO-45003
A4: Exception / Hold Invoices | B4: =COUNTIF('Three-Way Match'!M2:M4,"Exception / Hold") -> 2 | D4: Issue | E4: Invoice exceeds accepted quantity
A5: Total Invoiced Spend | B5: =SUM('Three-Way Match'!J2:J4) -> 4035 | D5: Accepted Quantity | E5: 143
A6: Total Dollar Variance | B6: =SUM('Three-Way Match'!O2:O4) -> 101.5 | D6: Invoiced Quantity | E6: 150
A7: Exception Rate | B7: =B4/B2 -> 0.66666667 | D7: Quantity Variance | E7: 7
D8: Dollar Variance | E8: 101.5
